order_index,item_id,verdict,missing,audit
1,730e48,,,
2,4eb580,,,
3,f7607b,,,
4,ae8a02,,,
5,ec7c9e,,,
6,d55164,,,
7,1a7222,,,
8,ca8ad6,,,
9,f92e42,,,
10,7a6314,,,
11,913835,,,
12,cbc8bc,,,
13,3192e0,,,
14,57effa,,,
15,db5823,,,
16,b012ea,,,
17,d93d3b,,,
18,b5b93d,,,
19,66b00b,,,
20,8b62ba,,,
21,f150fa,,,
22,7b533c,,,
23,b5a43b,,,
24,d6e398,,,
25,ee4081,,,
26,7ea7b2,,,
27,9bf26c,,,
28,a9f7de,,,
29,6c7bb9,,,
30,21d232,,,
31,15a0a3,,,
32,32ac2f,,,
33,f9a8a3,,,
34,214af3,,,
35,ba308f,,,
36,7fcb9e,,,
37,ffa3cb,,,
38,e4665d,,,
39,42c1f5,,,
40,8c41e8,,,
41,aa6631,,,
42,a8cd9d,,,
43,4b60fe,,,
44,6a35b0,,,
45,bbcb06,,,
46,3b5301,,,
47,324b0a,,,
48,1d4cce,,,
49,32e20a,,,
50,2e6c1b,,,
51,118c6c,,,
52,546270,,,
53,7231f8,,,
54,4501ca,,,
55,0f0158,,,
56,d74f2e,,,
57,1f0119,,,
58,ad6b61,,,
59,6ac1a8,,,
60,a2bf67,,,
61,a02993,,,
62,eb0e86,,,
63,82bba4,,,
64,53b0d2,,,
65,019803,,,
66,971795,,,
67,0b1e68,,,
68,cdc90c,,,
69,6cfd97,,,
70,0af469,,,
71,3bf750,,,
72,395967,,,
73,4f3aaa,,,
74,bbaaad,,,
75,b207a6,,,
76,fe0b96,,,
77,127f97,,,
78,4e0281,,,
79,c788aa,,,
80,26660b,,,
81,d20779,,,
82,665da9,,,
83,bbf634,,,
84,ce4c41,,,
85,86fee0,,,
86,a9d555,,,
87,ade81d,,,
88,2da191,,,
89,d0dd7e,,,
90,f6f9b2,,,
91,331ed9,,,
92,5c1ae6,,,
93,123426,,,
94,b32ee8,,,
95,671da8,,,
